{"cameraMode":{"drawMode":0,"name":"Shaded","section":"Shading Mode"},"sceneLighting":true,"audioPlay":false,"sceneViewState":{"showFog":true,"showMaterialUpdate":true,"showSkybox":true,"showFlares":true,"showImageEffects":true,"showParticleSystems":true},"in2DMode":false,"pivot":{"x":-0.9919078350067139,"y":-0.2683753967285156,"z":3.449622631072998},"rotation":{"x":0.2268865406513214,"y":-0.13043464720249177,"z":0.0306780394166708,"w":0.964659571647644},"size":4.4611592292785648,"orthographic":false}