{"cameraMode":{"drawMode":0,"name":"Shaded","section":"Shading Mode"},"sceneLighting":true,"audioPlay":false,"sceneViewState":{"showFog":true,"showMaterialUpdate":true,"showSkybox":true,"showFlares":true,"showImageEffects":true,"showParticleSystems":true},"in2DMode":false,"pivot":{"x":5.339518070220947,"y":-3.356001377105713,"z":-0.46983814239501955},"rotation":{"x":0.18822185695171357,"y":0.3189489245414734,"z":-0.06478573381900788,"w":0.9266326427459717},"size":8.55403995513916,"orthographic":false}