{"cameraMode":{"drawMode":0,"name":"Shaded","section":"Shading Mode"},"sceneLighting":true,"audioPlay":false,"sceneViewState":{"showFog":true,"showMaterialUpdate":true,"showSkybox":true,"showFlares":true,"showImageEffects":true,"showParticleSystems":true},"in2DMode":false,"pivot":{"x":0.2242131233215332,"y":1.564488172531128,"z":-8.054767608642579},"rotation":{"x":0.011644819751381874,"y":-0.5058308839797974,"z":0.006829118821769953,"w":0.8625271916389465},"size":2.877613067626953,"orthographic":false}