{"cameraMode":{"drawMode":0,"name":"Shaded","section":"Shading Mode"},"sceneLighting":true,"audioPlay":false,"sceneViewState":{"showFog":true,"showMaterialUpdate":true,"showSkybox":true,"showFlares":true,"showImageEffects":true,"showParticleSystems":true},"in2DMode":false,"pivot":{"x":1.019057035446167,"y":-0.015841126441955568,"z":1.5075368881225587},"rotation":{"x":0.15239635109901429,"y":-0.19228363037109376,"z":0.030241984874010087,"w":0.9689620733261108},"size":2.2757787704467775,"orthographic":false}