{"cameraMode":{"drawMode":0,"name":"Shaded","section":"Shading Mode"},"sceneLighting":true,"audioPlay":false,"sceneViewState":{"showFog":true,"showMaterialUpdate":false,"showSkybox":true,"showFlares":true,"showImageEffects":true,"showParticleSystems":true},"in2DMode":false,"pivot":{"x":-1.7499823570251465,"y":0.45645809173583987,"z":1.7438703775405884},"rotation":{"x":0.3445925712585449,"y":-0.05768214911222458,"z":0.02121921069920063,"w":0.9367383718490601},"size":2.2299036979675295,"orthographic":false}