{"cameraMode":{"drawMode":0,"name":"Shaded","section":"Shading Mode"},"sceneLighting":false,"audioPlay":false,"sceneViewState":{"showFog":true,"showMaterialUpdate":false,"showSkybox":false,"showFlares":true,"showImageEffects":true,"showParticleSystems":true},"in2DMode":false,"pivot":{"x":-1.934999942779541,"y":0.5139999985694885,"z":1.9999998807907105},"rotation":{"x":-0.03670646622776985,"y":0.9350621700286865,"z":-0.3376201093196869,"w":-0.10164578258991242},"size":2.0777089595794679,"orthographic":false}