{"cameraMode":{"drawMode":0,"name":"Shaded","section":"Shading Mode"},"sceneLighting":true,"audioPlay":false,"sceneViewState":{"showFog":true,"showMaterialUpdate":false,"showSkybox":true,"showFlares":true,"showImageEffects":true,"showParticleSystems":true},"in2DMode":false,"pivot":{"x":0.2184162139892578,"y":-0.8308817148208618,"z":5.399317741394043},"rotation":{"x":0.11810480803251267,"y":0.16217289865016938,"z":-0.01955437660217285,"w":0.9794771075248718},"size":4.844455718994141,"orthographic":false}